inspection_id,hive_tag,inspection_timestamp,frames_bees,queen_status_original,label_source
urban_2022_line_9,3627,2022-07-11 19:58:17.750966+00:00,7.0,queenright,inspections_2022.csv:line:9
urban_2022_line_12,3627,2022-07-19 20:53:47.773916+00:00,9.0,queenright,inspections_2022.csv:line:12
urban_2022_line_16,3627,2022-08-16 22:00:09.878646+00:00,8.0,queenright,inspections_2022.csv:line:16
urban_2022_line_19,3627,2022-08-19 17:52:37.586952+00:00,8.0,queenright,inspections_2022.csv:line:19
urban_2022_line_23,3627,2022-09-07 22:27:36.371518+00:00,4.0,queenright,inspections_2022.csv:line:23
urban_2022_line_37,3692,2022-07-11 20:23:05.641387+00:00,13.0,queenless,inspections_2022.csv:line:37
urban_2022_line_44,3692,2022-08-19 17:56:23.295758+00:00,14.0,queenright,inspections_2022.csv:line:44
urban_2022_line_51,3692,2022-09-07 22:25:48.408544+00:00,3.0,queenright,inspections_2022.csv:line:51
urban_2022_line_66,3691,2022-07-11 20:35:41.044615+00:00,20.0,queenright,inspections_2022.csv:line:66
urban_2022_line_68,3691,2022-07-19 22:29:27.082955+00:00,16.0,queenright,inspections_2022.csv:line:68
urban_2022_line_73,3691,2022-08-19 18:31:55.462774+00:00,20.0,queenright,inspections_2022.csv:line:73
urban_2022_line_78,3691,2022-09-07 22:23:14.055937+00:00,3.0,queenright,inspections_2022.csv:line:78
urban_2022_line_91,3628,2022-07-11 20:45:56.616952+00:00,13.0,queenright,inspections_2022.csv:line:91
urban_2022_line_94,3628,2022-07-19 21:25:28.400740+00:00,6.0,queenright,inspections_2022.csv:line:94
urban_2022_line_101,3628,2022-08-19 18:30:02.214450+00:00,18.0,queenright,inspections_2022.csv:line:101
urban_2022_line_107,3628,2022-09-07 22:20:48.792887+00:00,4.0,queenright,inspections_2022.csv:line:107
urban_2022_line_125,3693,2022-07-11 20:59:34.350173+00:00,15.0,queenright,inspections_2022.csv:line:125
urban_2022_line_130,3693,2022-08-19 18:55:29.562608+00:00,20.0,queenright,inspections_2022.csv:line:130
urban_2022_line_136,3693,2022-09-07 22:18:47.996800+00:00,5.5,queenright,inspections_2022.csv:line:136
urban_2022_line_159,3690,2022-07-11 21:04:44.651850+00:00,17.0,queenright,inspections_2022.csv:line:159
urban_2022_line_167,3690,2022-08-19 18:57:29.809983+00:00,18.0,queenright,inspections_2022.csv:line:167
urban_2022_line_170,3690,2022-09-07 22:15:47.034006+00:00,9.0,queenright,inspections_2022.csv:line:170
urban_2022_line_193,6,2022-07-11 21:10:28.396861+00:00,17.0,queenless,inspections_2022.csv:line:193
urban_2022_line_194,6,2022-07-19 22:29:19.394893+00:00,20.0,queenright,inspections_2022.csv:line:194
urban_2022_line_201,6,2022-09-07 22:14:19.801450+00:00,8.0,queenright,inspections_2022.csv:line:201
urban_2022_line_220,3631,2022-07-11 21:10:08.021267+00:00,20.0,,inspections_2022.csv:line:220
urban_2022_line_223,3631,2022-07-19 22:31:41.290241+00:00,20.0,queenright,inspections_2022.csv:line:223
urban_2022_line_229,3631,2022-08-19 19:13:03.495909+00:00,20.0,queenright,inspections_2022.csv:line:229
urban_2022_line_234,3631,2022-09-07 22:11:09.044019+00:00,10.0,queenright,inspections_2022.csv:line:234
urban_2022_line_254,3640,2022-07-11 21:16:39.702514+00:00,20.0,queenright,inspections_2022.csv:line:254
urban_2022_line_255,3640,2022-07-19 22:01:07.463697+00:00,20.0,queenright,inspections_2022.csv:line:255
urban_2022_line_265,3640,2022-09-07 21:59:56.665768+00:00,10.0,queenright,inspections_2022.csv:line:265
urban_2022_line_281,3629,2022-08-19 20:58:28.756619+00:00,20.0,queenright,inspections_2022.csv:line:281
urban_2022_line_287,3629,2022-09-07 22:04:19.655479+00:00,5.0,queenright,inspections_2022.csv:line:287
